Date,Close
04/01/2010,1.6121
05/01/2010,1.6033
06/01/2010,1.6
07/01/2010,1.5935
08/01/2010,1.596
11/01/2010,1.6172
12/01/2010,1.6191
13/01/2010,1.6265
14/01/2010,1.6314
15/01/2010,1.6255
18/01/2010,1.6337
19/01/2010,1.6372
20/01/2010,1.6277
21/01/2010,1.6175
22/01/2010,1.6125
25/01/2010,1.6208
26/01/2010,1.6147
27/01/2010,1.6191
28/01/2010,1.6136
29/01/2010,1.602
01/02/2010,1.5903
02/02/2010,1.5969
03/02/2010,1.5936
04/02/2010,1.5782
05/02/2010,1.5644
08/02/2010,1.564
09/02/2010,1.5609
10/02/2010,1.5588
11/02/2010,1.5613
12/02/2010,1.5643
15/02/2010,1.5653
16/02/2010,1.5676
17/02/2010,1.5725
18/02/2010,1.5642
19/02/2010,1.5417
22/02/2010,1.5492
23/02/2010,1.545
24/02/2010,1.545
25/02/2010,1.5253
26/02/2010,1.5224
01/03/2010,1.4939
02/03/2010,1.4927
03/03/2010,1.5068
04/03/2010,1.5054
05/03/2010,1.5102
08/03/2010,1.507
09/03/2010,1.4985
10/03/2010,1.497
11/03/2010,1.5042
12/03/2010,1.5179
15/03/2010,1.5042
16/03/2010,1.519
17/03/2010,1.5295
18/03/2010,1.5245
19/03/2010,1.5014
22/03/2010,1.507
23/03/2010,1.5066
24/03/2010,1.4914
25/03/2010,1.4885
26/03/2010,1.4906
29/03/2010,1.4981
30/03/2010,1.5107
31/03/2010,1.5167
01/04/2010,1.5282
06/04/2010,1.5201
07/04/2010,1.5204
08/04/2010,1.5246
09/04/2010,1.5355
12/04/2010,1.539
13/04/2010,1.5363
14/04/2010,1.546
15/04/2010,1.5499
16/04/2010,1.5406
19/04/2010,1.5302
20/04/2010,1.5354
21/04/2010,1.5405
22/04/2010,1.5387
23/04/2010,1.5353
26/04/2010,1.5465
27/04/2010,1.5344
28/04/2010,1.52
29/04/2010,1.5277
30/04/2010,1.5313
04/05/2010,1.5114
05/05/2010,1.5116
06/05/2010,1.4972
07/05/2010,1.4682
10/05/2010,1.499
11/05/2010,1.4869
12/05/2010,1.486
13/05/2010,1.4678
14/05/2010,1.4555
17/05/2010,1.4431
18/05/2010,1.4436
19/05/2010,1.4368
20/05/2010,1.4305
21/05/2010,1.4442
24/05/2010,1.4408
25/05/2010,1.4337
26/05/2010,1.4423
27/05/2010,1.4474
28/05/2010,1.4459
01/06/2010,1.47
02/06/2010,1.457
03/06/2010,1.4621
04/06/2010,1.4558
07/06/2010,1.4495
08/06/2010,1.4369
09/06/2010,1.4594
10/06/2010,1.4664
11/06/2010,1.4553
14/06/2010,1.4788
15/06/2010,1.4816
16/06/2010,1.4835
17/06/2010,1.479
18/06/2010,1.4802
21/06/2010,1.4818
22/06/2010,1.4793
23/06/2010,1.4898
24/06/2010,1.4967
25/06/2010,1.4977
28/06/2010,1.5108
29/06/2010,1.506
30/06/2010,1.4962
01/07/2010,1.5113
02/07/2010,1.519
05/07/2010,1.511
06/07/2010,1.5219
07/07/2010,1.5201
08/07/2010,1.5161
09/07/2010,1.511
12/07/2010,1.5074
13/07/2010,1.517
14/07/2010,1.5265
15/07/2010,1.5375
16/07/2010,1.5343
19/07/2010,1.5213
20/07/2010,1.5242
21/07/2010,1.5213
22/07/2010,1.526
23/07/2010,1.5402
26/07/2010,1.5473
27/07/2010,1.5554
28/07/2010,1.5619
29/07/2010,1.561
30/07/2010,1.5661
02/08/2010,1.5897
03/08/2010,1.5954
04/08/2010,1.5877
05/08/2010,1.5834
06/08/2010,1.5975
09/08/2010,1.5958
10/08/2010,1.5738
11/08/2010,1.5662
12/08/2010,1.5582
13/08/2010,1.5586
16/08/2010,1.5674
17/08/2010,1.558
18/08/2010,1.5592
19/08/2010,1.5632
20/08/2010,1.5508
23/08/2010,1.5506
24/08/2010,1.5453
25/08/2010,1.5425
26/08/2010,1.5583
27/08/2010,1.5475
31/08/2010,1.5367
01/09/2010,1.546
02/09/2010,1.5402
03/09/2010,1.544
06/09/2010,1.5413
07/09/2010,1.5305
08/09/2010,1.5485
09/09/2010,1.5474
10/09/2010,1.5383
13/09/2010,1.5434
14/09/2010,1.5499
15/09/2010,1.5637
16/09/2010,1.5638
17/09/2010,1.5638
20/09/2010,1.5577
21/09/2010,1.5543
22/09/2010,1.5664
23/09/2010,1.5718
24/09/2010,1.5814
27/09/2010,1.5833
28/09/2010,1.5803
29/09/2010,1.5801
30/09/2010,1.5755
01/10/2010,1.5811
04/10/2010,1.5839
05/10/2010,1.592
06/10/2010,1.5891
07/10/2010,1.5941
08/10/2010,1.5931
11/10/2010,1.5906
12/10/2010,1.5783
13/10/2010,1.5838
14/10/2010,1.6015
15/10/2010,1.6011
18/10/2010,1.59
19/10/2010,1.5727
20/10/2010,1.5855
21/10/2010,1.5767
22/10/2010,1.567
25/10/2010,1.5723
26/10/2010,1.5867
27/10/2010,1.578
28/10/2010,1.5939
29/10/2010,1.5988
01/11/2010,1.6049
02/11/2010,1.6008
03/11/2010,1.6079
04/11/2010,1.6282
05/11/2010,1.6211
08/11/2010,1.6138
09/11/2010,1.6117
10/11/2010,1.6028
11/11/2010,1.6156
12/11/2010,1.6153
15/11/2010,1.6068
16/11/2010,1.5911
17/11/2010,1.5919
18/11/2010,1.5991
19/11/2010,1.5952
22/11/2010,1.5944
23/11/2010,1.5875
24/11/2010,1.5781
25/11/2010,1.5762
26/11/2010,1.5611
29/11/2010,1.553
30/11/2010,1.5573
01/12/2010,1.5571
02/12/2010,1.5554
03/12/2010,1.572
06/12/2010,1.5687
07/12/2010,1.5817
08/12/2010,1.5774
09/12/2010,1.5728
10/12/2010,1.5795
13/12/2010,1.5857
14/12/2010,1.5786
15/12/2010,1.5622
16/12/2010,1.5596
17/12/2010,1.5469
20/12/2010,1.5497
21/12/2010,1.5477
22/12/2010,1.5399
23/12/2010,1.5403
24/12/2010,1.5442
29/12/2010,1.5425
30/12/2010,1.5391
31/12/2010,1.5655
04/01/2011,1.5595
05/01/2011,1.5464
06/01/2011,1.5479
07/01/2011,1.5569
10/01/2011,1.557
11/01/2011,1.5568
12/01/2011,1.5698
13/01/2011,1.5854
14/01/2011,1.5881
17/01/2011,1.5909
18/01/2011,1.5986
19/01/2011,1.5985
20/01/2011,1.5842
21/01/2011,1.599
24/01/2011,1.6003
25/01/2011,1.5824
26/01/2011,1.5885
27/01/2011,1.5939
28/01/2011,1.5845
31/01/2011,1.6016
01/02/2011,1.6154
02/02/2011,1.6192
03/02/2011,1.6145
04/02/2011,1.6059
07/02/2011,1.6111
08/02/2011,1.6098
09/02/2011,1.6114
10/02/2011,1.608
11/02/2011,1.6
14/02/2011,1.5994
15/02/2011,1.6161
16/02/2011,1.604
17/02/2011,1.6151
18/02/2011,1.6208
21/02/2011,1.622
22/02/2011,1.618
23/02/2011,1.6238
24/02/2011,1.6111
25/02/2011,1.6074
28/02/2011,1.6265
01/03/2011,1.6309
02/03/2011,1.6324
03/03/2011,1.628
04/03/2011,1.6264
07/03/2011,1.6232
08/03/2011,1.6157
09/03/2011,1.6214
10/03/2011,1.6045
11/03/2011,1.6015
14/03/2011,1.6179
15/03/2011,1.6063
16/03/2011,1.6028
17/03/2011,1.6143
18/03/2011,1.6186
21/03/2011,1.6274
22/03/2011,1.6387
23/03/2011,1.6245
24/03/2011,1.6161
25/03/2011,1.6085
28/03/2011,1.6011
29/03/2011,1.5973
30/03/2011,1.6063
31/03/2011,1.603
01/04/2011,1.603
04/04/2011,1.6143
05/04/2011,1.6276
06/04/2011,1.6317
07/04/2011,1.6311
08/04/2011,1.6385
11/04/2011,1.6414
12/04/2011,1.6263
13/04/2011,1.6288
14/04/2011,1.636
15/04/2011,1.6307
18/04/2011,1.62
19/04/2011,1.6316
20/04/2011,1.6407
21/04/2011,1.6571
26/04/2011,1.6448
27/04/2011,1.6521
28/04/2011,1.6648
03/05/2011,1.6491
04/05/2011,1.6543
05/05/2011,1.6416
06/05/2011,1.6423
09/05/2011,1.63
10/05/2011,1.6349
11/05/2011,1.6457
12/05/2011,1.6268
13/05/2011,1.6209
16/05/2011,1.6234
17/05/2011,1.6212
18/05/2011,1.6147
19/05/2011,1.6166
20/05/2011,1.6195
23/05/2011,1.6118
24/05/2011,1.6181
25/05/2011,1.6269
26/05/2011,1.6346
27/05/2011,1.6462
31/05/2011,1.6462
01/06/2011,1.6401
02/06/2011,1.6334
03/06/2011,1.6362
06/06/2011,1.635
07/06/2011,1.6452
08/06/2011,1.6373
09/06/2011,1.6366
10/06/2011,1.6228
13/06/2011,1.6307
14/06/2011,1.6389
15/06/2011,1.6256
16/06/2011,1.6122
17/06/2011,1.6164
20/06/2011,1.6211
21/06/2011,1.6216
22/06/2011,1.6134
23/06/2011,1.5977
24/06/2011,1.5968
27/06/2011,1.6003
28/06/2011,1.6004
29/06/2011,1.6024
30/06/2011,1.6056
01/07/2011,1.6046
04/07/2011,1.6064
05/07/2011,1.6099
06/07/2011,1.5976
07/07/2011,1.5981
08/07/2011,1.6052
11/07/2011,1.5887
12/07/2011,1.5913
13/07/2011,1.6085
14/07/2011,1.612
15/07/2011,1.6117
18/07/2011,1.6019
19/07/2011,1.6167
20/07/2011,1.6141
21/07/2011,1.6301
22/07/2011,1.6311
25/07/2011,1.6284
26/07/2011,1.6389
27/07/2011,1.634
28/07/2011,1.6332
29/07/2011,1.6416
01/08/2011,1.6259
02/08/2011,1.6297
03/08/2011,1.641
04/08/2011,1.6324
05/08/2011,1.6386
08/08/2011,1.6311
09/08/2011,1.6219
10/08/2011,1.6142
11/08/2011,1.6221
12/08/2011,1.6274
15/08/2011,1.6403
16/08/2011,1.6424
17/08/2011,1.6566
18/08/2011,1.6463
19/08/2011,1.6571
22/08/2011,1.6441
23/08/2011,1.6494
24/08/2011,1.6402
25/08/2011,1.6263
26/08/2011,1.6227
30/08/2011,1.6277
31/08/2011,1.6282
01/09/2011,1.616
02/09/2011,1.6205
05/09/2011,1.6103
06/09/2011,1.6004
07/09/2011,1.5945
08/09/2011,1.6069
09/09/2011,1.5895
12/09/2011,1.5802
13/09/2011,1.5792
14/09/2011,1.5738
15/09/2011,1.5806
16/09/2011,1.5796
19/09/2011,1.5643
20/09/2011,1.5725
21/09/2011,1.5606
22/09/2011,1.534
23/09/2011,1.5436
26/09/2011,1.5546
27/09/2011,1.57
28/09/2011,1.5654
29/09/2011,1.568
30/09/2011,1.5579
03/10/2011,1.5477
04/10/2011,1.5407
05/10/2011,1.5425
06/10/2011,1.5384
07/10/2011,1.5617
10/10/2011,1.5673
11/10/2011,1.5618
12/10/2011,1.5776
13/10/2011,1.5728
14/10/2011,1.5798
17/10/2011,1.5778
18/10/2011,1.564
19/10/2011,1.5832
20/10/2011,1.5685
21/10/2011,1.5949
24/10/2011,1.5955
25/10/2011,1.597
26/10/2011,1.5912
27/10/2011,1.6058
28/10/2011,1.6147
31/10/2011,1.6141
01/11/2011,1.5945
02/11/2011,1.5971
03/11/2011,1.5958
04/11/2011,1.6026
07/11/2011,1.6031
08/11/2011,1.6088
09/11/2011,1.5949
10/11/2011,1.5882
11/11/2011,1.6078
14/11/2011,1.5901
15/11/2011,1.5818
16/11/2011,1.5791
17/11/2011,1.5791
18/11/2011,1.5791
21/11/2011,1.5626
22/11/2011,1.5648
23/11/2011,1.5515
24/11/2011,1.5507
25/11/2011,1.5484
28/11/2011,1.5545
29/11/2011,1.561
30/11/2011,1.5728
01/12/2011,1.5683
02/12/2011,1.5628
05/12/2011,1.5709
06/12/2011,1.5602
07/12/2011,1.5672
08/12/2011,1.5629
09/12/2011,1.5622
12/12/2011,1.562
13/12/2011,1.5536
14/12/2011,1.5411
15/12/2011,1.5477
16/12/2011,1.5529
19/12/2011,1.5532
20/12/2011,1.5696
21/12/2011,1.5663
22/12/2011,1.569
23/12/2011,1.5678
28/12/2011,1.547
29/12/2011,1.5391
30/12/2011,1.5461
03/01/2012,1.5636
04/01/2012,1.5609
05/01/2012,1.548
06/01/2012,1.5408
09/01/2012,1.5446
10/01/2012,1.5488
11/01/2012,1.5356
12/01/2012,1.5319
13/01/2012,1.5285
16/01/2012,1.5328
17/01/2012,1.5355
18/01/2012,1.5407
19/01/2012,1.5475
20/01/2012,1.5525
23/01/2012,1.5595
24/01/2012,1.5587
25/01/2012,1.5586
26/01/2012,1.5697
27/01/2012,1.5668
30/01/2012,1.5681
31/01/2012,1.578
01/02/2012,1.5859
02/02/2012,1.5819
03/02/2012,1.5799
06/02/2012,1.5795
07/02/2012,1.5871
08/02/2012,1.5824
09/02/2012,1.5842
10/02/2012,1.5751
13/02/2012,1.5791
14/02/2012,1.5669
15/02/2012,1.5694
16/02/2012,1.5749
17/02/2012,1.5815
20/02/2012,1.587
21/02/2012,1.582
22/02/2012,1.5668
23/02/2012,1.5702
24/02/2012,1.5857
27/02/2012,1.584
28/02/2012,1.5838
29/02/2012,1.5977
01/03/2012,1.5957
02/03/2012,1.5855
05/03/2012,1.5872
06/03/2012,1.5738
07/03/2012,1.5708
08/03/2012,1.5816
09/03/2012,1.5693
12/03/2012,1.5615
13/03/2012,1.5736
14/03/2012,1.5686
15/03/2012,1.5669
16/03/2012,1.5844
19/03/2012,1.5893
20/03/2012,1.5855
21/03/2012,1.5847
22/03/2012,1.5807
23/03/2012,1.5863
26/03/2012,1.5937
27/03/2012,1.5969
28/03/2012,1.585
29/03/2012,1.5909
30/03/2012,1.5981
02/04/2012,1.6015
03/04/2012,1.5972
04/04/2012,1.5873
05/04/2012,1.583
10/04/2012,1.5838
11/04/2012,1.5905
12/04/2012,1.5953
13/04/2012,1.5884
16/04/2012,1.5841
17/04/2012,1.5926
18/04/2012,1.6031
19/04/2012,1.606
20/04/2012,1.6117
23/04/2012,1.6096
24/04/2012,1.615
25/04/2012,1.6113
26/04/2012,1.6186
27/04/2012,1.6238
30/04/2012,1.6239
01/05/2012,1.622
02/05/2012,1.6205
03/05/2012,1.6202
04/05/2012,1.6158
08/05/2012,1.614
09/05/2012,1.6099
10/05/2012,1.616
11/05/2012,1.6098
14/05/2012,1.6104
15/05/2012,1.6039
16/05/2012,1.5918
17/05/2012,1.5812
18/05/2012,1.5806
21/05/2012,1.5803
22/05/2012,1.5798
23/05/2012,1.5715
24/05/2012,1.568
25/05/2012,1.5636
28/05/2012,1.5706
29/05/2012,1.5679
30/05/2012,1.5533
31/05/2012,1.5392
01/06/2012,1.5334
06/06/2012,1.5459
07/06/2012,1.5577
08/06/2012,1.5416
11/06/2012,1.5509
12/06/2012,1.5546
13/06/2012,1.5583
14/06/2012,1.5544
15/06/2012,1.5643
18/06/2012,1.567
19/06/2012,1.5712
20/06/2012,1.5742
21/06/2012,1.5659
22/06/2012,1.5558
25/06/2012,1.5561
26/06/2012,1.5598
27/06/2012,1.5553
28/06/2012,1.5506
29/06/2012,1.5686
02/07/2012,1.5689
03/07/2012,1.5678
04/07/2012,1.5578
05/07/2012,1.552
06/07/2012,1.5509
09/07/2012,1.5523
10/07/2012,1.5496
11/07/2012,1.5561
12/07/2012,1.5404
13/07/2012,1.5546
16/07/2012,1.5619
17/07/2012,1.557
18/07/2012,1.5624
19/07/2012,1.5708
20/07/2012,1.5634
23/07/2012,1.5512
24/07/2012,1.5527
25/07/2012,1.5474
26/07/2012,1.5698
27/07/2012,1.5714
30/07/2012,1.5695
31/07/2012,1.567
01/08/2012,1.5589
02/08/2012,1.5518
03/08/2012,1.5604
06/08/2012,1.5616
07/08/2012,1.565
08/08/2012,1.5661
09/08/2012,1.5636
10/08/2012,1.5692
13/08/2012,1.5704
14/08/2012,1.5686
15/08/2012,1.5696
16/08/2012,1.5742
17/08/2012,1.5676
20/08/2012,1.5705
21/08/2012,1.5785
22/08/2012,1.5804
23/08/2012,1.5888
24/08/2012,1.5815
28/08/2012,1.5829
29/08/2012,1.5829
30/08/2012,1.5812
31/08/2012,1.5882
03/09/2012,1.5897
04/09/2012,1.5885
05/09/2012,1.5914
06/09/2012,1.5933
07/09/2012,1.6026
10/09/2012,1.6011
11/09/2012,1.6063
12/09/2012,1.6101
13/09/2012,1.6116
14/09/2012,1.6246
17/09/2012,1.6267
18/09/2012,1.6255
19/09/2012,1.6222
20/09/2012,1.6201
21/09/2012,1.6255
24/09/2012,1.6195
25/09/2012,1.6255
26/09/2012,1.6146
27/09/2012,1.6191
28/09/2012,1.6149
01/10/2012,1.6152
02/10/2012,1.6138
03/10/2012,1.6073
04/10/2012,1.6166
05/10/2012,1.6193
08/10/2012,1.6025
09/10/2012,1.6
10/10/2012,1.6021
11/10/2012,1.6039
12/10/2012,1.6087
15/10/2012,1.6052
16/10/2012,1.6101
17/10/2012,1.6166
18/10/2012,1.6134
19/10/2012,1.6021
22/10/2012,1.6034
23/10/2012,1.5939
24/10/2012,1.6029
25/10/2012,1.6142
26/10/2012,1.6096
29/10/2012,1.6025
30/10/2012,1.6082
31/10/2012,1.611
01/11/2012,1.6142
02/11/2012,1.6039
05/11/2012,1.5972
06/11/2012,1.5982
07/11/2012,1.5987
08/11/2012,1.5971
09/11/2012,1.591
12/11/2012,1.5867
13/11/2012,1.5892
14/11/2012,1.5844
15/11/2012,1.5874
16/11/2012,1.5846
19/11/2012,1.5914
20/11/2012,1.5915
21/11/2012,1.5934
22/11/2012,1.5947
23/11/2012,1.6011
26/11/2012,1.6024
27/11/2012,1.6029
28/11/2012,1.5984
29/11/2012,1.6038
30/11/2012,1.6028
03/12/2012,1.6096
04/12/2012,1.6107
05/12/2012,1.6093
06/12/2012,1.6079
07/12/2012,1.6021
10/12/2012,1.6074
11/12/2012,1.6104
12/12/2012,1.6117
13/12/2012,1.6135
14/12/2012,1.6119
17/12/2012,1.6198
18/12/2012,1.6247
19/12/2012,1.627
20/12/2012,1.626
21/12/2012,1.6182
24/12/2012,1.6178
27/12/2012,1.6126
28/12/2012,1.6156
31/12/2012,1.6168
02/01/2013,1.6284
03/01/2013,1.616
04/01/2013,1.6037
07/01/2013,1.6083
08/01/2013,1.6037
09/01/2013,1.6008
10/01/2013,1.6108
11/01/2013,1.6125
14/01/2013,1.6068
15/01/2013,1.609
16/01/2013,1.5995
17/01/2013,1.5969
18/01/2013,1.5862
21/01/2013,1.5834
22/01/2013,1.5867
23/01/2013,1.5842
24/01/2013,1.5783
25/01/2013,1.5807
28/01/2013,1.5709
29/01/2013,1.5747
30/01/2013,1.5791
31/01/2013,1.5856
01/02/2013,1.5745
04/02/2013,1.5738
05/02/2013,1.567
06/02/2013,1.5652
07/02/2013,1.5703
08/02/2013,1.5837
11/02/2013,1.5662
12/02/2013,1.566
13/02/2013,1.5545
14/02/2013,1.5527
15/02/2013,1.5525
18/02/2013,1.548
19/02/2013,1.5443
20/02/2013,1.5303
21/02/2013,1.5257
22/02/2013,1.5267
25/02/2013,1.5109
26/02/2013,1.5127
27/02/2013,1.5135
28/02/2013,1.5179
01/03/2013,1.5009
04/03/2013,1.507
05/03/2013,1.5119
06/03/2013,1.5054
07/03/2013,1.5049
08/03/2013,1.4924
11/03/2013,1.4896
12/03/2013,1.4885
13/03/2013,1.4924
14/03/2013,1.5051
15/03/2013,1.5134
18/03/2013,1.5109
19/03/2013,1.5118
20/03/2013,1.5132
21/03/2013,1.5179
22/03/2013,1.5239
25/03/2013,1.5183
26/03/2013,1.5155
27/03/2013,1.5111
28/03/2013,1.5181
02/04/2013,1.5128
03/04/2013,1.5136
04/04/2013,1.5179
05/04/2013,1.5353
08/04/2013,1.5282
09/04/2013,1.5296
10/04/2013,1.5326
11/04/2013,1.5394
12/04/2013,1.5367
15/04/2013,1.5312
16/04/2013,1.5291
17/04/2013,1.5235
18/04/2013,1.5291
19/04/2013,1.5258
22/04/2013,1.5246
23/04/2013,1.5284
24/04/2013,1.5268
25/04/2013,1.544
26/04/2013,1.5492
29/04/2013,1.5494
30/04/2013,1.5564
01/05/2013,1.5552
02/05/2013,1.5511
03/05/2013,1.5568
07/05/2013,1.5469
08/05/2013,1.5565
09/05/2013,1.5496
10/05/2013,1.5355
13/05/2013,1.5344
14/05/2013,1.5257
15/05/2013,1.5225
16/05/2013,1.5308
17/05/2013,1.5191
20/05/2013,1.5222
21/05/2013,1.5141
22/05/2013,1.5045
23/05/2013,1.5065
24/05/2013,1.514
28/05/2013,1.5035
29/05/2013,1.5115
30/05/2013,1.5216
31/05/2013,1.5161
03/06/2013,1.5295
04/06/2013,1.5293
05/06/2013,1.5392
06/06/2013,1.5523
07/06/2013,1.5538
10/06/2013,1.5526
11/06/2013,1.5597
12/06/2013,1.5687
13/06/2013,1.568
14/06/2013,1.5677
17/06/2013,1.5713
18/06/2013,1.5608
19/06/2013,1.566
20/06/2013,1.5465
21/06/2013,1.5389
24/06/2013,1.5399
25/06/2013,1.5404
26/06/2013,1.5339
27/06/2013,1.5205
28/06/2013,1.5167
01/07/2013,1.5225
02/07/2013,1.5169
03/07/2013,1.5258
04/07/2013,1.5066
05/07/2013,1.4883
08/07/2013,1.4938
09/07/2013,1.4831
10/07/2013,1.4946
11/07/2013,1.5115
12/07/2013,1.5118
15/07/2013,1.5104
16/07/2013,1.5125
17/07/2013,1.5172
18/07/2013,1.5201
19/07/2013,1.526
22/07/2013,1.537
23/07/2013,1.5367
24/07/2013,1.5357
25/07/2013,1.5313
26/07/2013,1.5369
29/07/2013,1.5348
30/07/2013,1.5259
31/07/2013,1.5164
01/08/2013,1.5161
02/08/2013,1.5274
05/08/2013,1.533
06/08/2013,1.5385
07/08/2013,1.5518
08/08/2013,1.5555
09/08/2013,1.5528
12/08/2013,1.5481
13/08/2013,1.5461
14/08/2013,1.5537
15/08/2013,1.5557
16/08/2013,1.5613
19/08/2013,1.567
20/08/2013,1.568
21/08/2013,1.5688
22/08/2013,1.5573
23/08/2013,1.5593
27/08/2013,1.554
28/08/2013,1.5538
29/08/2013,1.5495
30/08/2013,1.5471
02/09/2013,1.5565
03/09/2013,1.5531
04/09/2013,1.563
05/09/2013,1.559
06/09/2013,1.563
09/09/2013,1.5721
10/09/2013,1.572
11/09/2013,1.5814
12/09/2013,1.5826
13/09/2013,1.5865
16/09/2013,1.5935
17/09/2013,1.5902
18/09/2013,1.5969
19/09/2013,1.6063
20/09/2013,1.6
23/09/2013,1.6032
24/09/2013,1.5984
25/09/2013,1.607
26/09/2013,1.6004
27/09/2013,1.6121
30/09/2013,1.6194
01/10/2013,1.6204
02/10/2013,1.6229
03/10/2013,1.617
04/10/2013,1.6073
07/10/2013,1.608
08/10/2013,1.6107
09/10/2013,1.5931
10/10/2013,1.5954
11/10/2013,1.5946
14/10/2013,1.6016
15/10/2013,1.5968
16/10/2013,1.593
17/10/2013,1.6148
18/10/2013,1.6188
21/10/2013,1.6159
22/10/2013,1.6213
23/10/2013,1.6168
24/10/2013,1.6167
25/10/2013,1.6167
28/10/2013,1.6131
29/10/2013,1.6058
30/10/2013,1.6077
31/10/2013,1.6067
01/11/2013,1.5922
04/11/2013,1.5952
05/11/2013,1.6044
06/11/2013,1.608
07/11/2013,1.6047
08/11/2013,1.5995
11/11/2013,1.5973
12/11/2013,1.5927
13/11/2013,1.5988
14/11/2013,1.6092
15/11/2013,1.6092
18/11/2013,1.6113
19/11/2013,1.6103
20/11/2013,1.6173
21/11/2013,1.6149
22/11/2013,1.6186
25/11/2013,1.6154
26/11/2013,1.6181
27/11/2013,1.6277
28/11/2013,1.6347
29/11/2013,1.6383
02/12/2013,1.6368
03/12/2013,1.6414
04/12/2013,1.6344
05/12/2013,1.6321
06/12/2013,1.6354
09/12/2013,1.6387
10/12/2013,1.6427
11/12/2013,1.6369
12/12/2013,1.6325
13/12/2013,1.6276
16/12/2013,1.6299
17/12/2013,1.6242
18/12/2013,1.6392
19/12/2013,1.6365
20/12/2013,1.6356
23/12/2013,1.6357
24/12/2013,1.636
27/12/2013,1.6494
30/12/2013,1.6525
31/12/2013,1.6528
02/01/2014,1.6437
03/01/2014,1.6444
06/01/2014,1.6411
07/01/2014,1.6398
08/01/2014,1.647
09/01/2014,1.6463
10/01/2014,1.6485
13/01/2014,1.6383
14/01/2014,1.646
15/01/2014,1.635
16/01/2014,1.6345
17/01/2014,1.6445
20/01/2014,1.6421
21/01/2014,1.6464
22/01/2014,1.6582
23/01/2014,1.6631
24/01/2014,1.6502
27/01/2014,1.6574
28/01/2014,1.6585
29/01/2014,1.6551
30/01/2014,1.6498
31/01/2014,1.6435
03/02/2014,1.6332
04/02/2014,1.6296
05/02/2014,1.6306
06/02/2014,1.6325
07/02/2014,1.6394
10/02/2014,1.6398
11/02/2014,1.6484
12/02/2014,1.6585
13/02/2014,1.6636
14/02/2014,1.6733
17/02/2014,1.6711
18/02/2014,1.6698
19/02/2014,1.6714
20/02/2014,1.6658
21/02/2014,1.6686
24/02/2014,1.6631
25/02/2014,1.6682
26/02/2014,1.6641
27/02/2014,1.6671
28/02/2014,1.6758
03/03/2014,1.6717
04/03/2014,1.6673
05/03/2014,1.673
06/03/2014,1.6718
07/03/2014,1.6722
10/03/2014,1.6633
11/03/2014,1.6628
12/03/2014,1.6606
13/03/2014,1.6677
14/03/2014,1.6629
17/03/2014,1.6644
18/03/2014,1.6574
19/03/2014,1.6628
20/03/2014,1.651
21/03/2014,1.6494
24/03/2014,1.6489
25/03/2014,1.6506
26/03/2014,1.6565
27/03/2014,1.6611
28/03/2014,1.6636
31/03/2014,1.6673
01/04/2014,1.6636
02/04/2014,1.6635
03/04/2014,1.6586
04/04/2014,1.659
07/04/2014,1.6611
08/04/2014,1.6749
09/04/2014,1.6748
10/04/2014,1.6775
11/04/2014,1.6721
14/04/2014,1.6735
15/04/2014,1.673
16/04/2014,1.6791
17/04/2014,1.6808
22/04/2014,1.6823
23/04/2014,1.6779
24/04/2014,1.68
25/04/2014,1.6811
28/04/2014,1.6807
29/04/2014,1.6843
30/04/2014,1.6885
01/05/2014,1.6895
02/05/2014,1.6872
06/05/2014,1.6992
07/05/2014,1.6965
08/05/2014,1.6953
09/05/2014,1.6841
12/05/2014,1.6872
13/05/2014,1.6838
14/05/2014,1.6777
15/05/2014,1.6795
16/05/2014,1.6829
19/05/2014,1.6827
20/05/2014,1.6847
21/05/2014,1.6878
22/05/2014,1.6859
23/05/2014,1.6842
27/05/2014,1.6803
28/05/2014,1.6706
29/05/2014,1.6716
30/05/2014,1.6774
02/06/2014,1.6757
03/06/2014,1.6738
04/06/2014,1.6754
05/06/2014,1.6792
06/06/2014,1.679
09/06/2014,1.6794
10/06/2014,1.6761
11/06/2014,1.6788
12/06/2014,1.6842
13/06/2014,1.6961
16/06/2014,1.6986
17/06/2014,1.6969
18/06/2014,1.6939
19/06/2014,1.7055
20/06/2014,1.7018
23/06/2014,1.7008
24/06/2014,1.6971
25/06/2014,1.6981
26/06/2014,1.7007
27/06/2014,1.7016
30/06/2014,1.7097
01/07/2014,1.7138
02/07/2014,1.7169
03/07/2014,1.7143
04/07/2014,1.7148
07/07/2014,1.7129
08/07/2014,1.712
09/07/2014,1.7138
10/07/2014,1.7111
11/07/2014,1.7102
14/07/2014,1.7089
15/07/2014,1.7143
16/07/2014,1.7142
17/07/2014,1.7094
18/07/2014,1.7067
21/07/2014,1.7065
22/07/2014,1.7058
23/07/2014,1.7041
24/07/2014,1.6974
25/07/2014,1.6975
28/07/2014,1.7
29/07/2014,1.6946
30/07/2014,1.6903
31/07/2014,1.6883
01/08/2014,1.6839
04/08/2014,1.684
05/08/2014,1.6871
06/08/2014,1.6833
07/08/2014,1.6843
08/08/2014,1.6797
11/08/2014,1.679
12/08/2014,1.6806
13/08/2014,1.6694
14/08/2014,1.6686
15/08/2014,1.6685
18/08/2014,1.6723
19/08/2014,1.6618
20/08/2014,1.6646
21/08/2014,1.6597
22/08/2014,1.657
26/08/2014,1.6577
27/08/2014,1.6584
28/08/2014,1.6582
29/08/2014,1.6608
01/09/2014,1.6615
02/09/2014,1.6507
03/09/2014,1.6452
04/09/2014,1.6398
05/09/2014,1.6321
08/09/2014,1.6161
09/09/2014,1.6106
10/09/2014,1.6146
11/09/2014,1.6234
12/09/2014,1.6228
15/09/2014,1.6234
16/09/2014,1.6218
17/09/2014,1.6324
18/09/2014,1.6389
19/09/2014,1.6312
22/09/2014,1.6327
23/09/2014,1.636
24/09/2014,1.6347
25/09/2014,1.6325
26/09/2014,1.6244
29/09/2014,1.6242
30/09/2014,1.6212
01/10/2014,1.6203
02/10/2014,1.6118
03/10/2014,1.5962
06/10/2014,1.6007
07/10/2014,1.6084
08/10/2014,1.6076
09/10/2014,1.6163
10/10/2014,1.603
13/10/2014,1.6057
14/10/2014,1.5918
15/10/2014,1.5942
16/10/2014,1.602
17/10/2014,1.6096
20/10/2014,1.6131
21/10/2014,1.6132
22/10/2014,1.6051
23/10/2014,1.6032
24/10/2014,1.6083
27/10/2014,1.6133
28/10/2014,1.6156
29/10/2014,1.6149
30/10/2014,1.6023
31/10/2014,1.5999
03/11/2014,1.5978
04/11/2014,1.6008
05/11/2014,1.5976
06/11/2014,1.5903
07/11/2014,1.5844
10/11/2014,1.5871
11/11/2014,1.5873
12/11/2014,1.583
13/11/2014,1.5735
14/11/2014,1.5646
17/11/2014,1.5649
18/11/2014,1.5645
19/11/2014,1.5667
20/11/2014,1.5703
21/11/2014,1.5678
24/11/2014,1.5698
25/11/2014,1.5726
26/11/2014,1.5793
27/11/2014,1.5723
28/11/2014,1.5663
01/12/2014,1.5722
02/12/2014,1.5652
03/12/2014,1.5713
04/12/2014,1.57
05/12/2014,1.5592
08/12/2014,1.562
09/12/2014,1.5691
10/12/2014,1.5694
11/12/2014,1.5698
12/12/2014,1.57
15/12/2014,1.5614
16/12/2014,1.5729
17/12/2014,1.5643
18/12/2014,1.5634
19/12/2014,1.5638
22/12/2014,1.5629
23/12/2014,1.5522
24/12/2014,1.5543
29/12/2014,1.5529
30/12/2014,1.556
31/12/2014,1.5608
02/01/2015,1.5388
05/01/2015,1.524
06/01/2015,1.517
07/01/2015,1.5063
08/01/2015,1.5082
09/01/2015,1.5148
12/01/2015,1.5137
13/01/2015,1.5176
14/01/2015,1.5213
15/01/2015,1.5168
16/01/2015,1.5113
19/01/2015,1.5158
20/01/2015,1.5195
21/01/2015,1.5116
22/01/2015,1.5086
23/01/2015,1.5026
26/01/2015,1.5051
27/01/2015,1.5205
28/01/2015,1.5179
29/01/2015,1.5077
30/01/2015,1.5018
02/02/2015,1.5035
03/02/2015,1.5114
04/02/2015,1.5215
05/02/2015,1.5286
06/02/2015,1.5269
09/02/2015,1.524
10/02/2015,1.526
11/02/2015,1.5266
12/02/2015,1.5363
13/02/2015,1.5393
16/02/2015,1.5379
17/02/2015,1.5336
18/02/2015,1.5447
19/02/2015,1.5439
20/02/2015,1.5374
23/02/2015,1.5449
24/02/2015,1.5459
25/02/2015,1.5488
26/02/2015,1.541
27/02/2015,1.5451
02/03/2015,1.5362
03/03/2015,1.5372
04/03/2015,1.5269
05/03/2015,1.5237
06/03/2015,1.5061
09/03/2015,1.5096
10/03/2015,1.5085
11/03/2015,1.4945
12/03/2015,1.4905
13/03/2015,1.4755
16/03/2015,1.48
17/03/2015,1.4743
18/03/2015,1.4686
19/03/2015,1.4727
20/03/2015,1.4922
23/03/2015,1.4936
24/03/2015,1.4868
25/03/2015,1.4915
26/03/2015,1.4843
27/03/2015,1.4878
30/03/2015,1.4806
31/03/2015,1.4847
01/04/2015,1.4816
02/04/2015,1.4828
07/04/2015,1.4868
08/04/2015,1.4924
09/04/2015,1.4737
10/04/2015,1.4651
13/04/2015,1.4642
14/04/2015,1.479
15/04/2015,1.4766
16/04/2015,1.4899
17/04/2015,1.4961
20/04/2015,1.4915
21/04/2015,1.4933
22/04/2015,1.5036
23/04/2015,1.5054
24/04/2015,1.5165
27/04/2015,1.5211
28/04/2015,1.5324
29/04/2015,1.5454
30/04/2015,1.5368
01/05/2015,1.5177
05/05/2015,1.5193
06/05/2015,1.5248
07/05/2015,1.52
08/05/2015,1.5422
11/05/2015,1.5562
12/05/2015,1.5663
13/05/2015,1.5729
14/05/2015,1.5759
15/05/2015,1.5789
18/05/2015,1.5682
19/05/2015,1.5507
20/05/2015,1.5556
21/05/2015,1.5666
22/05/2015,1.5501
26/05/2015,1.5384
27/05/2015,1.5332
28/05/2015,1.5292
29/05/2015,1.5261
01/06/2015,1.5207
02/06/2015,1.5329
03/06/2015,1.5331
04/06/2015,1.5365
05/06/2015,1.5241
08/06/2015,1.5274
09/06/2015,1.5317
10/06/2015,1.5541
11/06/2015,1.5493
12/06/2015,1.5568
15/06/2015,1.5542
16/06/2015,1.5627
17/06/2015,1.571
18/06/2015,1.5881
19/06/2015,1.5884
22/06/2015,1.5819
23/06/2015,1.5729
24/06/2015,1.572
25/06/2015,1.5724
26/06/2015,1.5729
29/06/2015,1.5744
30/06/2015,1.5729
01/07/2015,1.5633
02/07/2015,1.5605
03/07/2015,1.5605
06/07/2015,1.5602
07/07/2015,1.5419
08/07/2015,1.5353
09/07/2015,1.5387
10/07/2015,1.5508
13/07/2015,1.5526
14/07/2015,1.557
15/07/2015,1.5616
16/07/2015,1.5592
17/07/2015,1.5633
20/07/2015,1.5592
21/07/2015,1.5561
22/07/2015,1.5631
23/07/2015,1.5528
24/07/2015,1.5505
27/07/2015,1.5578
28/07/2015,1.558
29/07/2015,1.565
30/07/2015,1.5609
31/07/2015,1.5606
03/08/2015,1.5619
04/08/2015,1.5598
05/08/2015,1.5606
06/08/2015,1.5503
07/08/2015,1.5471
10/08/2015,1.5544
11/08/2015,1.5569
12/08/2015,1.5638
13/08/2015,1.5584
14/08/2015,1.5607
17/08/2015,1.5599
18/08/2015,1.5653
19/08/2015,1.5641
20/08/2015,1.5663
21/08/2015,1.567
24/08/2015,1.5738
25/08/2015,1.5697
26/08/2015,1.5541
27/08/2015,1.5373
28/08/2015,1.5354
01/09/2015,1.5325
02/09/2015,1.5293
03/09/2015,1.5228
04/09/2015,1.5174
07/09/2015,1.5267
08/09/2015,1.5359
09/09/2015,1.5368
10/09/2015,1.5429
11/09/2015,1.5402
14/09/2015,1.5383
15/09/2015,1.5357
16/09/2015,1.5516
17/09/2015,1.552
18/09/2015,1.5585
21/09/2015,1.5484
22/09/2015,1.5344
23/09/2015,1.5225
24/09/2015,1.5284
25/09/2015,1.5174
28/09/2015,1.5175
29/09/2015,1.5138
30/09/2015,1.5147
01/10/2015,1.5155
02/10/2015,1.52
05/10/2015,1.5179
06/10/2015,1.5212
07/10/2015,1.5313
08/10/2015,1.5295
09/10/2015,1.5308
12/10/2015,1.5343
13/10/2015,1.5224
14/10/2015,1.5436
15/10/2015,1.5459
16/10/2015,1.5446
19/10/2015,1.548
20/10/2015,1.546
21/10/2015,1.5459
22/10/2015,1.5411
23/10/2015,1.5352
26/10/2015,1.5361
27/10/2015,1.5312
28/10/2015,1.532
29/10/2015,1.5294
30/10/2015,1.5443
02/11/2015,1.5428
03/11/2015,1.5399
04/11/2015,1.5384
05/11/2015,1.525
06/11/2015,1.5077
09/11/2015,1.5108
10/11/2015,1.511
11/11/2015,1.5201
12/11/2015,1.5194
13/11/2015,1.5196
16/11/2015,1.5198
17/11/2015,1.5217
18/11/2015,1.5211
19/11/2015,1.5295
20/11/2015,1.5217
23/11/2015,1.5131
24/11/2015,1.5069
25/11/2015,1.5068
26/11/2015,1.5126
27/11/2015,1.5053
30/11/2015,1.5053
01/12/2015,1.5054
02/12/2015,1.4942
03/12/2015,1.5036
04/12/2015,1.5101
07/12/2015,1.5071
08/12/2015,1.4984
09/12/2015,1.5182
10/12/2015,1.5163
11/12/2015,1.5211
14/12/2015,1.5116
15/12/2015,1.5048
16/12/2015,1.5005
17/12/2015,1.4882
18/12/2015,1.4893
21/12/2015,1.4886
22/12/2015,1.4825
23/12/2015,1.4868
24/12/2015,1.4921
29/12/2015,1.4795
30/12/2015,1.4833
31/12/2015,1.4819
04/01/2016,1.4689
05/01/2016,1.4647
06/01/2016,1.4607
07/01/2016,1.4566
08/01/2016,1.454
11/01/2016,1.4531
12/01/2016,1.4366
13/01/2016,1.4441
14/01/2016,1.4393
15/01/2016,1.4307
18/01/2016,1.427
19/01/2016,1.4144
20/01/2016,1.4186
21/01/2016,1.4135
22/01/2016,1.4331
25/01/2016,1.4267
26/01/2016,1.4325
27/01/2016,1.4258
28/01/2016,1.4388
29/01/2016,1.4187
01/02/2016,1.4366
02/02/2016,1.4376
03/02/2016,1.4592
04/02/2016,1.4578
05/02/2016,1.4482
08/02/2016,1.4368
09/02/2016,1.4484
10/02/2016,1.446
11/02/2016,1.4435
12/02/2016,1.4458
15/02/2016,1.4455
16/02/2016,1.4307
17/02/2016,1.4314
18/02/2016,1.4366
19/02/2016,1.4266
22/02/2016,1.4135
23/02/2016,1.4105
24/02/2016,1.3932
25/02/2016,1.3949
26/02/2016,1.3862
29/02/2016,1.3929
01/03/2016,1.3925
02/03/2016,1.4064
03/03/2016,1.4156
04/03/2016,1.4216
07/03/2016,1.4205
08/03/2016,1.4211
09/03/2016,1.4222
10/03/2016,1.4307
11/03/2016,1.4395
14/03/2016,1.4323
15/03/2016,1.4165
16/03/2016,1.4099
17/03/2016,1.449
18/03/2016,1.4514
21/03/2016,1.4402
22/03/2016,1.4217
23/03/2016,1.4111
24/03/2016,1.4143
29/03/2016,1.4266
30/03/2016,1.4448
31/03/2016,1.4378
01/04/2016,1.4185
04/04/2016,1.4291
05/04/2016,1.4133
06/04/2016,1.4086
07/04/2016,1.4094
08/04/2016,1.4106
11/04/2016,1.4263
12/04/2016,1.4208
13/04/2016,1.4207
14/04/2016,1.414
15/04/2016,1.4178
18/04/2016,1.4274
19/04/2016,1.4402
20/04/2016,1.4401
21/04/2016,1.4338
22/04/2016,1.4409
25/04/2016,1.45
26/04/2016,1.4584
27/04/2016,1.4537
28/04/2016,1.4571
29/04/2016,1.465
03/05/2016,1.4551
04/05/2016,1.4482
05/05/2016,1.4497
06/05/2016,1.4432
09/05/2016,1.4398
10/05/2016,1.4462
11/05/2016,1.4465
12/05/2016,1.4503
13/05/2016,1.4351
16/05/2016,1.4405
17/05/2016,1.4467
18/05/2016,1.4617
19/05/2016,1.4585
20/05/2016,1.4515
23/05/2016,1.4461
24/05/2016,1.4609
25/05/2016,1.4714
26/05/2016,1.4682
27/05/2016,1.4616
31/05/2016,1.4557
01/06/2016,1.4414
02/06/2016,1.4447
03/06/2016,1.4517
06/06/2016,1.4464
07/06/2016,1.456
08/06/2016,1.4552
09/06/2016,1.4465
10/06/2016,1.4334
13/06/2016,1.4282
14/06/2016,1.4114
15/06/2016,1.4196
16/06/2016,1.4064
17/06/2016,1.4293
20/06/2016,1.4694
21/06/2016,1.467
22/06/2016,1.4687
23/06/2016,1.4798
24/06/2016,1.3621
27/06/2016,1.3152
28/06/2016,1.3322
29/06/2016,1.3523
30/06/2016,1.3429
01/07/2016,1.327
04/07/2016,1.3287
05/07/2016,1.3048
06/07/2016,1.2885
07/07/2016,1.2932
08/07/2016,1.296
11/07/2016,1.2987
12/07/2016,1.3186
13/07/2016,1.3215
14/07/2016,1.3323
15/07/2016,1.3231
18/07/2016,1.3286
19/07/2016,1.3136
20/07/2016,1.3175
21/07/2016,1.3211
22/07/2016,1.3085
25/07/2016,1.3122
26/07/2016,1.3116
27/07/2016,1.3114
28/07/2016,1.312
29/07/2016,1.3267
01/08/2016,1.3206
02/08/2016,1.3306
03/08/2016,1.3322
04/08/2016,1.3128
05/08/2016,1.3059
08/08/2016,1.3038
09/08/2016,1.2992
10/08/2016,1.3014
11/08/2016,1.2966
12/08/2016,1.2935
15/08/2016,1.2875
16/08/2016,1.2967
17/08/2016,1.3009
18/08/2016,1.3162
19/08/2016,1.3056
22/08/2016,1.3146
23/08/2016,1.3186
24/08/2016,1.325
25/08/2016,1.3189
26/08/2016,1.32
30/08/2016,1.3096
31/08/2016,1.3099
01/09/2016,1.3299
02/09/2016,1.3309
05/09/2016,1.3293
06/09/2016,1.343
07/09/2016,1.334
08/09/2016,1.3316
09/09/2016,1.3259
12/09/2016,1.3303
13/09/2016,1.3181
14/09/2016,1.3176
15/09/2016,1.3192
16/09/2016,1.3079
19/09/2016,1.3061
20/09/2016,1.2949
21/09/2016,1.2958
22/09/2016,1.3094
23/09/2016,1.296
26/09/2016,1.2976
27/09/2016,1.2987
28/09/2016,1.299
29/09/2016,1.2982
30/09/2016,1.2991
03/10/2016,1.2834
04/10/2016,1.2754
05/10/2016,1.2742
06/10/2016,1.2646
07/10/2016,1.2465
10/10/2016,1.2377
11/10/2016,1.2227
12/10/2016,1.2183
13/10/2016,1.2193
14/10/2016,1.2195
17/10/2016,1.2155
18/10/2016,1.2302
19/10/2016,1.2288
20/10/2016,1.2244
21/10/2016,1.2195
24/10/2016,1.2205
25/10/2016,1.2133
26/10/2016,1.2239
27/10/2016,1.2179
28/10/2016,1.2145
31/10/2016,1.2214
01/11/2016,1.222
02/11/2016,1.2315
03/11/2016,1.2455
04/11/2016,1.2545
07/11/2016,1.2393
08/11/2016,1.2407
09/11/2016,1.2444
10/11/2016,1.2486
11/11/2016,1.2579
14/11/2016,1.2453
15/11/2016,1.2384
16/11/2016,1.2423
17/11/2016,1.2437
18/11/2016,1.2312
21/11/2016,1.2474
22/11/2016,1.2422
23/11/2016,1.2399
24/11/2016,1.2464
25/11/2016,1.2453
28/11/2016,1.2412
29/11/2016,1.2507
30/11/2016,1.2497
01/12/2016,1.2622
02/12/2016,1.2658
05/12/2016,1.2707
06/12/2016,1.2712
07/12/2016,1.2609
08/12/2016,1.2555
09/12/2016,1.2564
12/12/2016,1.2669
13/12/2016,1.2684
14/12/2016,1.2701
15/12/2016,1.2409
16/12/2016,1.2434
19/12/2016,1.2392
20/12/2016,1.2353
21/12/2016,1.2376
22/12/2016,1.2298
23/12/2016,1.2256
28/12/2016,1.2227
29/12/2016,1.2226
30/12/2016,1.2303
03/01/2017,1.224
04/01/2017,1.2296
05/01/2017,1.2425
06/01/2017,1.2318
09/01/2017,1.2147
10/01/2017,1.2184
11/01/2017,1.2071
12/01/2017,1.2219
13/01/2017,1.2184
16/01/2017,1.2065
17/01/2017,1.2385
18/01/2017,1.2345
19/01/2017,1.2304
20/01/2017,1.2323
23/01/2017,1.2495
24/01/2017,1.2513
25/01/2017,1.2605
26/01/2017,1.2589
27/01/2017,1.2553
30/01/2017,1.2515
31/01/2017,1.2589
01/02/2017,1.2647
02/02/2017,1.253
03/02/2017,1.2505
06/02/2017,1.2444
07/02/2017,1.2429
08/02/2017,1.2533
09/02/2017,1.2528
10/02/2017,1.2482
13/02/2017,1.2503
14/02/2017,1.2463
15/02/2017,1.2447
16/02/2017,1.25
17/02/2017,1.2432
20/02/2017,1.2473
21/02/2017,1.2468
22/02/2017,1.2458
23/02/2017,1.2548
24/02/2017,1.2489
27/02/2017,1.247
28/02/2017,1.2445
01/03/2017,1.2317
02/03/2017,1.2285
03/03/2017,1.2261
06/03/2017,1.2255
07/03/2017,1.2194
08/03/2017,1.2168
09/03/2017,1.215
10/03/2017,1.2167
13/03/2017,1.2234
14/03/2017,1.2167
15/03/2017,1.2222
16/03/2017,1.2368
17/03/2017,1.2371
20/03/2017,1.2366
21/03/2017,1.2479
22/03/2017,1.2476
23/03/2017,1.2526
24/03/2017,1.249
27/03/2017,1.257
28/03/2017,1.2536
29/03/2017,1.2411
30/03/2017,1.2489
31/03/2017,1.2507
03/04/2017,1.2483
04/04/2017,1.2448
05/04/2017,1.2477
06/04/2017,1.2495
07/04/2017,1.2392
10/04/2017,1.2426
11/04/2017,1.2489
12/04/2017,1.251
13/04/2017,1.2517
18/04/2017,1.2765
19/04/2017,1.2811
20/04/2017,1.2841
21/04/2017,1.2777
24/04/2017,1.2777
25/04/2017,1.2829
26/04/2017,1.2858
27/04/2017,1.2895
28/04/2017,1.2938
02/05/2017,1.292
03/05/2017,1.2896
04/05/2017,1.2915
05/05/2017,1.2958
08/05/2017,1.2941
09/05/2017,1.2951
10/05/2017,1.2949
11/05/2017,1.2876
12/05/2017,1.289
15/05/2017,1.2918
16/05/2017,1.2918
17/05/2017,1.2972
18/05/2017,1.2999
19/05/2017,1.3026
22/05/2017,1.3016
23/05/2017,1.298
24/05/2017,1.295
25/05/2017,1.2947
26/05/2017,1.2791
30/05/2017,1.2862
31/05/2017,1.2912
01/06/2017,1.2903
02/06/2017,1.2882
05/06/2017,1.293
06/06/2017,1.2895
07/06/2017,1.2959
08/06/2017,1.2947
09/06/2017,1.2742
12/06/2017,1.2673
13/06/2017,1.273
14/06/2017,1.2789
15/06/2017,1.2761
16/06/2017,1.2801
19/06/2017,1.2758
20/06/2017,1.2618
21/06/2017,1.2664
22/06/2017,1.2661
23/06/2017,1.2738
26/06/2017,1.2738
27/06/2017,1.2777
28/06/2017,1.2942
29/06/2017,1.2995
30/06/2017,1.299
03/07/2017,1.2937
04/07/2017,1.2929
05/07/2017,1.2925
06/07/2017,1.2947
07/07/2017,1.288
10/07/2017,1.2862
11/07/2017,1.2844
12/07/2017,1.289
13/07/2017,1.2933
14/07/2017,1.3086
17/07/2017,1.3066
18/07/2017,1.3018
19/07/2017,1.3043
20/07/2017,1.2989
21/07/2017,1.299
24/07/2017,1.3047
25/07/2017,1.305
26/07/2017,1.3056
27/07/2017,1.3087
28/07/2017,1.3119
31/07/2017,1.3183
01/08/2017,1.3229
02/08/2017,1.3223
03/08/2017,1.3144
04/08/2017,1.3038
07/08/2017,1.3023
08/08/2017,1.296
09/08/2017,1.2993
10/08/2017,1.299
11/08/2017,1.2977
14/08/2017,1.2987
15/08/2017,1.2854
16/08/2017,1.2869
17/08/2017,1.2891
18/08/2017,1.2857
21/08/2017,1.2904
22/08/2017,1.2835
23/08/2017,1.2796
24/08/2017,1.2798
25/08/2017,1.2877
29/08/2017,1.2952
30/08/2017,1.292
31/08/2017,1.2886
01/09/2017,1.2973
04/09/2017,1.2957
05/09/2017,1.3027
06/09/2017,1.3071
07/09/2017,1.3112
08/09/2017,1.3184
11/09/2017,1.3183
12/09/2017,1.3263
13/09/2017,1.323
14/09/2017,1.335
15/09/2017,1.3596
18/09/2017,1.3557
19/09/2017,1.3523
20/09/2017,1.3567
21/09/2017,1.3543
22/09/2017,1.3527
25/09/2017,1.3484
26/09/2017,1.3417
27/09/2017,1.3386
28/09/2017,1.3444
29/09/2017,1.3416
02/10/2017,1.3276
03/10/2017,1.3245
04/10/2017,1.3277
05/10/2017,1.3139
06/10/2017,1.3058
09/10/2017,1.3132
10/10/2017,1.3219
11/10/2017,1.3189
12/10/2017,1.3165
13/10/2017,1.3305
16/10/2017,1.3282
17/10/2017,1.3169
18/10/2017,1.3171
19/10/2017,1.3203
20/10/2017,1.319
23/10/2017,1.3185
24/10/2017,1.3119
25/10/2017,1.3253
26/10/2017,1.3171
27/10/2017,1.3112
30/10/2017,1.3195
31/10/2017,1.328
01/11/2017,1.3257
02/11/2017,1.3068
03/11/2017,1.3067
06/11/2017,1.3121
07/11/2017,1.3141
08/11/2017,1.31
09/11/2017,1.3118
10/11/2017,1.322
13/11/2017,1.3112
14/11/2017,1.3118
15/11/2017,1.3163
16/11/2017,1.3196
17/11/2017,1.3207
20/11/2017,1.3262
21/11/2017,1.323
22/11/2017,1.3283
23/11/2017,1.3297
24/11/2017,1.3351
27/11/2017,1.334
28/11/2017,1.3233
29/11/2017,1.3412
30/11/2017,1.353
01/12/2017,1.349
04/12/2017,1.3479
05/12/2017,1.3457
06/12/2017,1.3382
07/12/2017,1.3417
08/12/2017,1.3376
11/12/2017,1.3362
12/12/2017,1.3323
13/12/2017,1.3363
14/12/2017,1.3424
15/12/2017,1.3317
18/12/2017,1.3398
19/12/2017,1.3349
20/12/2017,1.3406
21/12/2017,1.3354
22/12/2017,1.3387
27/12/2017,1.3399
28/12/2017,1.3436
29/12/2017,1.351
02/01/2018,1.3579
03/01/2018,1.3514
04/01/2018,1.3552
05/01/2018,1.3563
08/01/2018,1.3581
09/01/2018,1.3525
10/01/2018,1.3533
11/01/2018,1.3535
12/01/2018,1.3689
15/01/2018,1.3802
16/01/2018,1.3775
17/01/2018,1.3834
18/01/2018,1.3882
19/01/2018,1.3845
22/01/2018,1.3969
23/01/2018,1.402
24/01/2018,1.4222
25/01/2018,1.4302
26/01/2018,1.4181
29/01/2018,1.4063
30/01/2018,1.4112
31/01/2018,1.4221
01/02/2018,1.4237
02/02/2018,1.4125
05/02/2018,1.4016
06/02/2018,1.3908
07/02/2018,1.3883
08/02/2018,1.4004
09/02/2018,1.3806
12/02/2018,1.3809
13/02/2018,1.3881
14/02/2018,1.3961
15/02/2018,1.4056
16/02/2018,1.404
19/02/2018,1.3994
20/02/2018,1.4005
21/02/2018,1.3979
22/02/2018,1.3937
23/02/2018,1.3971
26/02/2018,1.3941
27/02/2018,1.3882
28/02/2018,1.378
01/03/2018,1.3725
02/03/2018,1.3769
05/03/2018,1.3848
06/03/2018,1.3883
07/03/2018,1.3896
08/03/2018,1.383
09/03/2018,1.3868
12/03/2018,1.3898
13/03/2018,1.3987
14/03/2018,1.3945
15/03/2018,1.3947
16/03/2018,1.3918
19/03/2018,1.4029
20/03/2018,1.4011
21/03/2018,1.4062
22/03/2018,1.4099
23/03/2018,1.415
26/03/2018,1.4223
27/03/2018,1.4144
28/03/2018,1.4098
29/03/2018,1.4033
03/04/2018,1.4038
04/04/2018,1.4085
05/04/2018,1.3999
06/04/2018,1.4083
09/04/2018,1.4129
10/04/2018,1.4173
11/04/2018,1.4207
12/04/2018,1.4232
13/04/2018,1.4247
16/04/2018,1.4328
17/04/2018,1.431
18/04/2018,1.4235
19/04/2018,1.4221
20/04/2018,1.4025
23/04/2018,1.395
24/04/2018,1.3964
25/04/2018,1.3935
26/04/2018,1.3936
27/04/2018,1.3795
30/04/2018,1.3776
01/05/2018,1.3596
02/05/2018,1.3599
03/05/2018,1.3546
04/05/2018,1.3517
08/05/2018,1.3518
09/05/2018,1.3577
10/05/2018,1.3467
11/05/2018,1.3553
14/05/2018,1.3593
15/05/2018,1.3495
16/05/2018,1.3483
17/05/2018,1.3504
18/05/2018,1.3475
21/05/2018,1.341
22/05/2018,1.3421
23/05/2018,1.3341
24/05/2018,1.3374
25/05/2018,1.3316
29/05/2018,1.3269
30/05/2018,1.3275
31/05/2018,1.3308
01/06/2018,1.3331
04/06/2018,1.3332
05/06/2018,1.3341
06/06/2018,1.3428
07/06/2018,1.342
08/06/2018,1.3395
11/06/2018,1.3394
12/06/2018,1.3352
13/06/2018,1.3367
14/06/2018,1.3333
15/06/2018,1.3286
18/06/2018,1.3241
19/06/2018,1.3173
20/06/2018,1.3176
21/06/2018,1.3257
22/06/2018,1.3272
25/06/2018,1.3269
26/06/2018,1.3233
27/06/2018,1.3147
28/06/2018,1.3098
29/06/2018,1.3203
02/07/2018,1.3124
03/07/2018,1.3176
04/07/2018,1.3208
05/07/2018,1.3223
06/07/2018,1.3277
09/07/2018,1.326
10/07/2018,1.3265
11/07/2018,1.3248
12/07/2018,1.3223
13/07/2018,1.3201
16/07/2018,1.3231
17/07/2018,1.3161
18/07/2018,1.305
19/07/2018,1.3004
20/07/2018,1.3102
23/07/2018,1.3113
24/07/2018,1.3156
25/07/2018,1.3149
26/07/2018,1.315
27/07/2018,1.3128
30/07/2018,1.3145
31/07/2018,1.3117
01/08/2018,1.3122
02/08/2018,1.3032
03/08/2018,1.3019
06/08/2018,1.294
07/08/2018,1.2954
08/08/2018,1.2882
09/08/2018,1.2869
10/08/2018,1.2776
13/08/2018,1.2777
14/08/2018,1.2753
15/08/2018,1.2669
16/08/2018,1.2724
17/08/2018,1.2741
20/08/2018,1.2759
21/08/2018,1.2868
22/08/2018,1.291
23/08/2018,1.2835
24/08/2018,1.2858
28/08/2018,1.2884
29/08/2018,1.2999
30/08/2018,1.3004
31/08/2018,1.2994
03/09/2018,1.2885
04/09/2018,1.2832
05/09/2018,1.2958
06/09/2018,1.2947
07/09/2018,1.2951
10/09/2018,1.3019
11/09/2018,1.2999
12/09/2018,1.3021
13/09/2018,1.3093
14/09/2018,1.3074
17/09/2018,1.3151
18/09/2018,1.3155
19/09/2018,1.3152
20/09/2018,1.3256
21/09/2018,1.3099
24/09/2018,1.3139
25/09/2018,1.3163
26/09/2018,1.3185
27/09/2018,1.3116
28/09/2018,1.3041
01/10/2018,1.3043
02/10/2018,1.2978
03/10/2018,1.3005
04/10/2018,1.3027
05/10/2018,1.3071
08/10/2018,1.3071
09/10/2018,1.3089
10/10/2018,1.32
11/10/2018,1.321
12/10/2018,1.3158
15/10/2018,1.3144
16/10/2018,1.321
17/10/2018,1.3135
18/10/2018,1.3071
19/10/2018,1.3046
22/10/2018,1.2974
23/10/2018,1.2975
24/10/2018,1.291
25/10/2018,1.2815
26/10/2018,1.2821
29/10/2018,1.2806
30/10/2018,1.2731
31/10/2018,1.2779
01/11/2018,1.2974
02/11/2018,1.2965
05/11/2018,1.3018
06/11/2018,1.308
07/11/2018,1.3135
08/11/2018,1.3128
09/11/2018,1.3029
12/11/2018,1.2866
13/11/2018,1.2997
14/11/2018,1.3004
15/11/2018,1.2782
16/11/2018,1.284
19/11/2018,1.2864
20/11/2018,1.2823
21/11/2018,1.2784
22/11/2018,1.2869
23/11/2018,1.2802
26/11/2018,1.2826
27/11/2018,1.2739
28/11/2018,1.2753
29/11/2018,1.2778
30/11/2018,1.276
03/12/2018,1.2737
04/12/2018,1.2727
05/12/2018,1.2738
06/12/2018,1.2778
07/12/2018,1.2759
10/12/2018,1.2536
11/12/2018,1.2527
12/12/2018,1.2661
13/12/2018,1.2616
14/12/2018,1.2561
17/12/2018,1.261
18/12/2018,1.2632
19/12/2018,1.2643
20/12/2018,1.2636
21/12/2018,1.2676
24/12/2018,1.2649
27/12/2018,1.2637
28/12/2018,1.2688
31/12/2018,1.2769
02/01/2019,1.2608
03/01/2019,1.2601
04/01/2019,1.2724
07/01/2019,1.2772
08/01/2019,1.2731
09/01/2019,1.2743
10/01/2019,1.2779
11/01/2019,1.2818
14/01/2019,1.2912
15/01/2019,1.281
16/01/2019,1.2861
17/01/2019,1.2909
18/01/2019,1.2906
21/01/2019,1.2895
22/01/2019,1.2957
23/01/2019,1.3067
24/01/2019,1.3042
25/01/2019,1.3167
28/01/2019,1.3156
29/01/2019,1.3149
30/01/2019,1.3072
31/01/2019,1.3152
01/02/2019,1.3093
04/02/2019,1.3085
05/02/2019,1.294
06/02/2019,1.2963
07/02/2019,1.2975
08/02/2019,1.2942
11/02/2019,1.2866
12/02/2019,1.2883
13/02/2019,1.2878
14/02/2019,1.2781
15/02/2019,1.2847
18/02/2019,1.2928
19/02/2019,1.3031
20/02/2019,1.3061
21/02/2019,1.307
22/02/2019,1.3058
25/02/2019,1.3067
26/02/2019,1.324
27/02/2019,1.3336
28/02/2019,1.33
01/03/2019,1.3243
04/03/2019,1.3173
05/03/2019,1.3114
06/03/2019,1.315
07/03/2019,1.3115
08/03/2019,1.3005
11/03/2019,1.3095
12/03/2019,1.3097
13/03/2019,1.3228
14/03/2019,1.3282
15/03/2019,1.3279
18/03/2019,1.322
19/03/2019,1.3264
20/03/2019,1.3192
21/03/2019,1.3073
22/03/2019,1.322
25/03/2019,1.3197
26/03/2019,1.3215
27/03/2019,1.3192
28/03/2019,1.3088
29/03/2019,1.303
01/04/2019,1.3141
02/04/2019,1.3031
03/04/2019,1.3156
04/04/2019,1.3083
05/04/2019,1.3012
08/04/2019,1.3048
09/04/2019,1.3045
10/04/2019,1.309
11/04/2019,1.3087
12/04/2019,1.3103
15/04/2019,1.3116
16/04/2019,1.3054
17/04/2019,1.3046
18/04/2019,1.3009
23/04/2019,1.2937
24/04/2019,1.2959
25/04/2019,1.2907
26/04/2019,1.2934
29/04/2019,1.2922
30/04/2019,1.3036
01/05/2019,1.3083
02/05/2019,1.3033
03/05/2019,1.3116
07/05/2019,1.3047
08/05/2019,1.3004
09/05/2019,1.302
10/05/2019,1.3033
13/05/2019,1.2984
14/05/2019,1.2919
15/05/2019,1.2868
16/05/2019,1.2792
17/05/2019,1.2733
20/05/2019,1.2734
21/05/2019,1.2786
22/05/2019,1.2657
23/05/2019,1.2667
24/05/2019,1.2691
28/05/2019,1.2675
29/05/2019,1.2631
30/05/2019,1.2589
31/05/2019,1.2602
03/06/2019,1.2631
04/06/2019,1.2677
05/06/2019,1.2732
06/06/2019,1.2712
07/06/2019,1.2757
10/06/2019,1.269
11/06/2019,1.2719
12/06/2019,1.2725
13/06/2019,1.2684
14/06/2019,1.2606
17/06/2019,1.2556
18/06/2019,1.2539
19/06/2019,1.263
20/06/2019,1.2701
21/06/2019,1.2696
24/06/2019,1.2722
25/06/2019,1.272
26/06/2019,1.2676
27/06/2019,1.2676
28/06/2019,1.2728
01/07/2019,1.2652
02/07/2019,1.26
03/07/2019,1.2564
04/07/2019,1.2577
05/07/2019,1.2506
08/07/2019,1.2515
09/07/2019,1.2466
10/07/2019,1.2496
11/07/2019,1.2553
12/07/2019,1.256
15/07/2019,1.2517
16/07/2019,1.2419
17/07/2019,1.2428
18/07/2019,1.2483
19/07/2019,1.2502
22/07/2019,1.2498
23/07/2019,1.2438
24/07/2019,1.2499
25/07/2019,1.2495
26/07/2019,1.2387
29/07/2019,1.2232
30/07/2019,1.2152
31/07/2019,1.2246
01/08/2019,1.2152
02/08/2019,1.2127
05/08/2019,1.2142
06/08/2019,1.2167
07/08/2019,1.2153
08/08/2019,1.2134
09/08/2019,1.208
12/08/2019,1.2082
13/08/2019,1.2072
14/08/2019,1.2069
15/08/2019,1.2114
16/08/2019,1.2145
19/08/2019,1.2135
20/08/2019,1.2132
21/08/2019,1.2131
22/08/2019,1.2253
23/08/2019,1.2276
27/08/2019,1.2278
28/08/2019,1.2221
29/08/2019,1.2205
30/08/2019,1.2183
02/09/2019,1.2062
03/09/2019,1.2092
04/09/2019,1.2192
05/09/2019,1.2325
06/09/2019,1.2313
09/09/2019,1.2344
10/09/2019,1.2354
11/09/2019,1.2343
12/09/2019,1.2332
13/09/2019,1.246
16/09/2019,1.242
17/09/2019,1.2482
18/09/2019,1.2484
19/09/2019,1.2488
20/09/2019,1.2501
23/09/2019,1.243
24/09/2019,1.2479
25/09/2019,1.2379
26/09/2019,1.2334
27/09/2019,1.2309
30/09/2019,1.232
01/10/2019,1.2223
02/10/2019,1.2304
03/10/2019,1.2407
04/10/2019,1.2294
07/10/2019,1.2321
08/10/2019,1.2214
09/10/2019,1.2218
10/10/2019,1.2282
11/10/2019,1.2683
14/10/2019,1.2586
15/10/2019,1.2777
16/10/2019,1.2804
17/10/2019,1.2842
18/10/2019,1.2899
21/10/2019,1.2983
22/10/2019,1.2908
23/10/2019,1.2882
24/10/2019,1.2848
25/10/2019,1.2832
28/10/2019,1.2858
29/10/2019,1.2904
30/10/2019,1.2871
31/10/2019,1.2939
01/11/2019,1.2947
04/11/2019,1.2906
05/11/2019,1.2866
06/11/2019,1.2874
07/11/2019,1.2822
08/11/2019,1.2792
11/11/2019,1.2872
12/11/2019,1.2839
13/11/2019,1.2839
14/11/2019,1.2857
15/11/2019,1.2896
18/11/2019,1.2966
19/11/2019,1.2932
20/11/2019,1.2911
21/11/2019,1.2925
22/11/2019,1.2834
25/11/2019,1.2907
26/11/2019,1.2838
27/11/2019,1.2875
28/11/2019,1.2903
29/11/2019,1.2936
02/12/2019,1.2922
03/12/2019,1.2993
04/12/2019,1.3107
05/12/2019,1.3155
06/12/2019,1.3105
09/12/2019,1.3155
10/12/2019,1.3171
11/12/2019,1.3177
12/12/2019,1.3119
13/12/2019,1.3343
16/12/2019,1.3334
17/12/2019,1.3139
18/12/2019,1.3073
19/12/2019,1.3029
20/12/2019,1.3049
23/12/2019,1.2926
24/12/2019,1.2948
27/12/2019,1.3094
30/12/2019,1.3115
31/12/2019,1.321
02/01/2020,1.3189
03/01/2020,1.3072
06/01/2020,1.3159
07/01/2020,1.3122
08/01/2020,1.3099
09/01/2020,1.3049
10/01/2020,1.3062
13/01/2020,1.2979
14/01/2020,1.301
15/01/2020,1.3023
16/01/2020,1.3067
17/01/2020,1.3029
20/01/2020,1.2998
21/01/2020,1.3058
22/01/2020,1.3141
23/01/2020,1.3118
24/01/2020,1.3067
27/01/2020,1.3056
28/01/2020,1.2983
29/01/2020,1.3
30/01/2020,1.31
31/01/2020,1.3179
03/02/2020,1.3013
04/02/2020,1.3025
05/02/2020,1.2984
06/02/2020,1.2929
07/02/2020,1.2939
10/02/2020,1.2923
11/02/2020,1.2945
12/02/2020,1.2975
13/02/2020,1.3055
14/02/2020,1.3016
17/02/2020,1.3006
18/02/2020,1.3037
19/02/2020,1.2951
20/02/2020,1.2881
21/02/2020,1.2962
24/02/2020,1.2924
25/02/2020,1.3016
26/02/2020,1.2917
27/02/2020,1.2873
28/02/2020,1.2776
02/03/2020,1.2748
03/03/2020,1.2819
04/03/2020,1.2821
05/03/2020,1.2922
06/03/2020,1.3029
09/03/2020,1.311
10/03/2020,1.2932
11/03/2020,1.2887
12/03/2020,1.254
13/03/2020,1.2406
16/03/2020,1.2277
17/03/2020,1.2016
18/03/2020,1.1763
19/03/2020,1.1658
20/03/2020,1.1741
23/03/2020,1.1492
24/03/2020,1.1772
25/03/2020,1.1761
26/03/2020,1.2135
27/03/2020,1.2359
30/03/2020,1.2416
31/03/2020,1.2403
01/04/2020,1.2424
02/04/2020,1.2377
03/04/2020,1.2258
06/04/2020,1.2255
07/04/2020,1.2304
08/04/2020,1.2379
09/04/2020,1.247
14/04/2020,1.2594
15/04/2020,1.2498
16/04/2020,1.2451
17/04/2020,1.2504
20/04/2020,1.2473
21/04/2020,1.2273
22/04/2020,1.2329
23/04/2020,1.2386
24/04/2020,1.2338
27/04/2020,1.2409
28/04/2020,1.2436
29/04/2020,1.2436
30/04/2020,1.2613
01/05/2020,1.2547
04/05/2020,1.2421
05/05/2020,1.2454
06/05/2020,1.2362
07/05/2020,1.2287
11/05/2020,1.2358
12/05/2020,1.233
13/05/2020,1.2226
14/05/2020,1.2199
15/05/2020,1.2126
18/05/2020,1.2192
19/05/2020,1.2251
20/05/2020,1.227
21/05/2020,1.2212
22/05/2020,1.219
26/05/2020,1.2363
27/05/2020,1.2217
28/05/2020,1.2323
29/05/2020,1.2368
01/06/2020,1.2481
02/06/2020,1.2557
03/06/2020,1.2597
04/06/2020,1.2607
05/06/2020,1.2725
08/06/2020,1.2698
09/06/2020,1.2722
10/06/2020,1.2755
11/06/2020,1.2645
12/06/2020,1.2539
15/06/2020,1.2559
16/06/2020,1.2583
17/06/2020,1.2545
18/06/2020,1.242
